df_rate_1985,df_rate_1986,df_rate_1987,df_rate_1988,df_rate_1989,df_rate_1990,df_rate_1991,df_rate_1992,df_rate_1993,df_rate_1994,df_rate_1995,df_rate_1996,df_rate_1997,df_rate_1998,df_rate_1999,df_rate_2000,df_rate_2001,df_rate_2002,df_rate_2003,df_rate_2004,df_rate_2005,df_rate_2006,df_rate_2007,df_rate_2008,df_rate_2009,df_rate_2010,df_rate_2011,df_rate_2012,df_rate_2013,df_rate_2014,df_rate_2015,df_rate_2016,df_rate_2017,df_rate_2018,df_rate_2019,df_rate_2020,df_rate_buffer_1985,df_rate_buffer_1986,df_rate_buffer_1987,df_rate_buffer_1988,df_rate_buffer_1989,df_rate_buffer_1990,df_rate_buffer_1991,df_rate_buffer_1992,df_rate_buffer_1993,df_rate_buffer_1994,df_rate_buffer_1995,df_rate_buffer_1996,df_rate_buffer_1997,df_rate_buffer_1998,df_rate_buffer_1999,df_rate_buffer_2000,df_rate_buffer_2001,df_rate_buffer_2002,df_rate_buffer_2003,df_rate_buffer_2004,df_rate_buffer_2005,df_rate_buffer_2006,df_rate_buffer_2007,df_rate_buffer_2008,df_rate_buffer_2009,df_rate_buffer_2010,df_rate_buffer_2011,df_rate_buffer_2012,df_rate_buffer_2013,df_rate_buffer_2014,df_rate_buffer_2015,df_rate_buffer_2016,df_rate_buffer_2017,df_rate_buffer_2018,df_rate_buffer_2019,df_rate_buffer_2020,DIST_TO_ROAD,ELEVATION,NUM_POLY
0.0,0.0,0.0,0.0,0.0,0.0,0.0,0.0,0.0002120890774125,0.0002120890774125,0.0,0.0,0.000424178154825,0.00084835630965,0.0002120890774125,0.0,0.0010604453870625,0.000424178154825,0.0,0.0002120890774125,0.0006362672322375,0.0002120890774125,0.0002120890774125,0.0002120890774125,0.0006362672322375,0.000424178154825,0.0006362672322375,0.00084835630965,0.0014846235418875,0.0023329798515376,0.000424178154825,0.000424178154825,0.0006362672322375,0.0016967126193001,0.00084835630965,0.001272534464475,0.0,0.0003483252521874,0.0002647271916624,0.0002368611714874,0.0003761912723624,0.0002089951513124,0.0004040572925374,0.0003204592320124,0.0002647271916624,0.0007245165245499,0.0004319233127124,0.0003761912723624,0.0011982388675249,0.0008638466254249,0.0012818369280499,0.0006130524438499,0.0006687844841999,0.0006966505043749,0.0023686117148748,0.0023407456946998,0.0014211670289249,0.0008220475951624,0.0010449757565624,0.0006409184640249,0.0008638466254249,0.0013236359583124,0.0007941815749874,0.0010728417767374,0.0013375689683999,0.0016858942205874,0.0011843058574374,0.0020202864626873,0.0020202864626873,0.0017694922811124,0.0021038845232123,0.0033996544613498,41.74507141113281,201.2159881591797,0
0.0,0.0,0.0,0.0,0.0,0.0,0.0,0.0,0.0,0.0,0.0,0.0,0.0,0.0,0.0,0.0,0.0,0.0,0.0,0.0,0.0,0.0,0.0,0.0,0.0,0.0,0.0,0.0,0.0,0.0,0.0,0.0,0.0,0.0,0.0,0.0,0.0,0.0,0.0,0.0,0.0,0.0,0.0,0.0,0.0,0.0,0.0,0.0,0.0,0.0,0.0,0.0,0.0,0.0,0.0,0.0,0.0,0.0,0.0,0.0,0.0,0.0,0.0,0.0,0.0,0.0,0.0,2.83149757906957e-05,0.0,0.0,0.0,0.0001132599031627,70.6614761352539,325.6146240234375,1
0.0,0.0,0.0,0.0,0.0,0.0,0.0,0.0,0.0,0.0,0.0,0.0,0.0,0.0,0.0,0.0,0.0,0.0,0.0,0.0,0.0,0.0,0.0,0.0,0.0,0.0001840264998159,0.0,0.0,0.0,0.0,0.0,0.0,0.0001840264998159,0.0,0.0,0.0005520794994479,0.0,0.0002424242424242,0.0001010101010101,0.0001616161616161,0.0003232323232323,0.0002020202020202,0.0002020202020202,0.0001414141414141,0.0002222222222222,0.0003030303030303,0.0006060606060606,0.0002020202020202,0.0004646464646464,0.0004646464646464,0.0003434343434343,0.0005252525252525,0.0005454545454545,0.0004444444444444,0.0007070707070707,0.0008080808080808,0.0004646464646464,0.0004242424242424,0.0006060606060606,0.0003232323232323,0.0003232323232323,0.0005050505050505,0.0004242424242424,0.0007070707070707,0.0007878787878787,0.0013131313131313,0.0018989898989898,0.0018585858585858,0.0021010101010101,0.0027272727272727,0.003070707070707,0.005090909090909,41.854793548583984,270.877197265625,2
0.0,0.0001185395922238,0.0001185395922238,0.0,0.0001185395922238,0.0001185395922238,0.0,0.0,0.0,0.0001185395922238,0.0001185395922238,0.0,0.0003556187766714,0.000592697961119,0.0003556187766714,0.0,0.0003556187766714,0.000592697961119,0.0003556187766714,0.0002370791844476,0.0008297771455666,0.0003556187766714,0.0004741583688952,0.0008297771455666,0.0008297771455666,0.0007112375533428,0.0008297771455666,0.000592697961119,0.0015410146989094,0.0013039355144618,0.0008297771455666,0.0009483167377904,0.0020151730678046,0.0008297771455666,0.0018966334755808,0.0050972024656235,0.0,3.792835334053972e-05,0.0001517134133621,0.0,1.896417667026986e-05,1.896417667026986e-05,5.6892530010809584e-05,7.585670668107944e-05,7.585670668107944e-05,7.585670668107944e-05,7.585670668107944e-05,3.792835334053972e-05,0.0002086059433729,0.0001896417667026,0.0001137850600216,0.0001706775900324,0.0001137850600216,0.0001327492366918,0.0001137850600216,0.0004172118867459,0.000284462650054,0.0001896417667026,0.0001896417667026,0.0003034268267243,0.0003034268267243,0.0006258178301189,0.0002654984733837,0.0002654984733837,0.0005309969467675,0.0006447820067891,0.0004361760634162,0.0003792835334053,0.000493068593427,0.0006068536534486,0.0010999222468756,0.003375623447308,57.65175247192383,225.1397399902344,7
0.0,0.0,0.0,0.0,0.0,0.0,0.0,0.0,0.0,0.0,0.0,0.0,0.0,0.0,0.0,0.0,0.0,0.0002072968490878,0.0,0.0,0.0,0.0,0.0,0.0,0.0,0.0,0.0,0.0002072968490878,0.0,0.0002072968490878,0.0,0.0,0.0,0.0,0.0008291873963515,0.0024875621890547,0.0,4.354547235951142e-05,4.354547235951142e-05,0.0,4.354547235951142e-05,2.177273617975571e-05,0.0,4.354547235951142e-05,2.177273617975571e-05,4.354547235951142e-05,8.709094471902284e-05,0.0,0.0001959546256178,0.0002177273617975,8.709094471902284e-05,0.0001088636808987,0.0001306364170785,0.0001524091532582,0.0001306364170785,0.0002395000979773,0.0003919092512356,0.000174181889438,0.0001524091532582,0.0003265910426963,0.000261272834157,0.0004354547235951,0.000174181889438,0.0001088636808987,0.0005225456683141,0.0005443184044938,0.0003048183065165,0.0003701365150558,0.0006096366130331,0.0004572274597748,0.0011321822813472,0.003919092512356,56.27467346191406,232.2937164306641,8
0.0,0.0,0.0,0.0005917159763313,0.0005917159763313,0.0,0.0,0.0,0.0,0.0,0.0,0.0005917159763313,0.0,0.0,0.0005917159763313,0.0,0.0005917159763313,0.0,0.0,0.0,0.0,0.0,0.001775147928994,0.0,0.0023668639053254,0.0005917159763313,0.0,0.0005917159763313,0.0,0.0011834319526627,0.0011834319526627,0.0035502958579881,0.0047337278106508,0.0041420118343195,0.0035502958579881,0.008284023668639,0.0,0.0001692655988828,0.0001269491991621,0.000359689397626,0.000359689397626,0.0002538983983242,0.0005712713962296,0.0004866385967881,0.0004020057973467,0.0002115819986035,0.0003173729979053,0.0002538983983242,0.0003385311977656,0.0002962147980449,0.000359689397626,0.0002750565981846,0.0003173729979053,0.0002327401984639,0.000359689397626,0.0003808475974864,0.0004443221970674,0.0003808475974864,0.0003385311977656,0.0003385311977656,0.0005924295960899,0.0002115819986035,0.0002538983983242,0.0005712713962296,0.0005712713962296,0.0009098025939953,0.0010790681928781,0.0013752829909231,0.0028775151810084,0.0037026849755622,0.0052895499650889,0.0066859911558724,19.22637939453125,179.13381958007812,9
0.0,0.0001064395955295,0.0,0.0,0.0001064395955295,0.0,0.0,0.0003193187865886,0.0001064395955295,0.0001064395955295,0.000212879191059,0.0001064395955295,0.0003193187865886,0.0004257583821181,0.0004257583821181,0.0001064395955295,0.0001064395955295,0.000212879191059,0.0001064395955295,0.000212879191059,0.0003193187865886,0.0005321979776476,0.0003193187865886,0.0001064395955295,0.0006386375731772,0.0,0.0003193187865886,0.0005321979776476,0.0003193187865886,0.0003193187865886,0.0007450771687067,0.0009579563597658,0.0025545502927088,0.0020223523150612,0.0048962213943587,0.0055348589675359,0.0,0.0001928109075884,0.000123949869164,0.0003443051921222,0.0003167607767525,0.0002341275306431,0.0005508883073956,0.0003856218151769,0.0004544828536014,0.0002065831152733,0.0003580773998071,0.0002892163613827,0.0003305329844374,0.0002754441536978,0.0003167607767525,0.0002892163613827,0.0003580773998071,0.0002341275306431,0.0004957994766561,0.0003856218151769,0.0005371160997107,0.0004269384382316,0.0004407106459165,0.0004269384382316,0.0005508883073956,0.000247899738328,0.0002341275306431,0.0005646605150805,0.0006059771381352,0.0009640545379424,0.0011981820685855,0.0014736262222834,0.0027131249139237,0.0038699903594546,0.0049304503511912,0.0063214433273653,34.69378662109375,181.5921936035156,10
0.0,0.0,0.0,0.0,0.0,0.0,0.0,0.0,0.0,0.0002295157218269,0.0,0.0,0.0,0.0,0.0,0.0,0.0,0.0002295157218269,0.0,0.0,0.0,0.0,0.0,0.0,0.0002295157218269,0.0,0.0,0.0,0.0,0.0,0.0004590314436538,0.0006885471654808,0.0,0.0002295157218269,0.0013770943309616,0.0,0.0,0.0005477171150644,0.0005258084304618,0.000876347384103,0.0002848128998334,0.0006134431688721,0.0011173429147313,0.0011830689685391,0.0014678818683726,0.0017088773990009,0.0014021558145648,0.0016431513451932,0.0016431513451932,0.001292612391552,0.0013802471299623,0.0012049776531417,0.0009858908071159,0.0012268863377442,0.0017088773990009,0.0015116992375777,0.0013583384453597,0.0009858908071159,0.000876347384103,0.0006791692226798,0.0006353518534747,0.0008544386995004,0.0009201647533082,0.0008325300148979,0.0011173429147313,0.0016431513451932,0.0017526947682061,0.0024975900446937,0.0025194987292962,0.0021470510910524,0.0029138550521426,0.003877837174656,23.801803588867188,137.49732971191406,11
0.0,0.0003430531732418,0.0003430531732418,0.0,0.0003430531732418,0.0,0.0003430531732418,0.0,0.0,0.0010291595197255,0.0,0.0,0.0003430531732418,0.0,0.0003430531732418,0.0006861063464837,0.0006861063464837,0.0,0.0,0.0,0.0003430531732418,0.0,0.0003430531732418,0.0,0.0013722126929674,0.0003430531732418,0.0013722126929674,0.0006861063464837,0.0003430531732418,0.0003430531732418,0.0006861063464837,0.0020583190394511,0.0041166380789022,0.0144082332761578,0.0281303602058319,0.0106346483704974,0.0,0.0009090909090909,0.0006759906759906,0.0006060606060606,0.0009090909090909,0.0004895104895104,0.0011421911421911,0.0008391608391608,0.0009324009324009,0.0007692307692307,0.0011188811188811,0.0007459207459207,0.0009324009324009,0.0008158508158508,0.0009324009324009,0.0008857808857808,0.0009790209790209,0.0006759906759906,0.001025641025641,0.0008391608391608,0.0011421911421911,0.0011655011655011,0.0008857808857808,0.0009324009324009,0.0009790209790209,0.0008158508158508,0.0006993006993006,0.0012820512820512,0.0013519813519813,0.0017482517482517,0.0026340326340326,0.0029137529137529,0.0048951048951048,0.0074358974358974,0.0077622377622377,0.0113519813519813,15.30167007446289,220.5375213623047,12
0.0,0.0,0.0,0.0,0.0002874389192296,0.0002874389192296,0.0,0.0002874389192296,0.0,0.0002874389192296,0.0,0.0,0.0002874389192296,0.0,0.0002874389192296,0.0,0.0,0.0,0.0002874389192296,0.0002874389192296,0.0005748778384593,0.0002874389192296,0.0002874389192296,0.0002874389192296,0.0002874389192296,0.0002874389192296,0.0002874389192296,0.0005748778384593,0.0002874389192296,0.0002874389192296,0.0011497556769186,0.0011497556769186,0.0008623167576889,0.0022995113538373,0.0031618281115263,0.0040241448692152,0.0,0.0002790390908399,0.0001775703305344,0.0003044062809162,0.0002790390908399,0.0002029375206108,0.0008371172725197,0.0005073438015271,0.000431242231298,0.0004058750412216,0.0005327109916034,0.0003044062809162,0.0005073438015271,0.0004566094213743,0.0004819766114507,0.0003805078511453,0.000431242231298,0.0003551406610689,0.0005834453717561,0.0003551406610689,0.0005073438015271,0.0005580781816798,0.0006088125618325,0.0005073438015271,0.0008878516526724,0.000431242231298,0.0003044062809162,0.000862484462596,0.0008117500824433,0.0011668907435123,0.0017757033053448,0.0020801095862611,0.0043377895030567,0.0068998757007686,0.0085994774358844,0.0101976104106948,18.72029495239257,200.06854248046875,13
0.0,0.0,0.0,0.0,0.0,0.0,0.0,0.0006042296072507,0.0,0.0,0.0,0.0,0.0,0.0,0.0,0.0,0.0006042296072507,0.0,0.0,0.0,0.0,0.0006042296072507,0.0,0.0,0.0,0.0012084592145015,0.0,0.0,0.0006042296072507,0.0006042296072507,0.0,0.0018126888217522,0.0054380664652567,0.0030211480362537,0.007250755287009,0.007250755287009,0.0,5.8402686523580085e-05,2.920134326179004e-05,8.760402978537013e-05,2.920134326179004e-05,5.8402686523580085e-05,8.760402978537013e-05,0.0001168053730471,0.0002044094028325,0.0001460067163089,5.8402686523580085e-05,0.0002628120893561,0.0002044094028325,0.0002920134326179,0.0002336107460943,0.0003796174624032,0.0002336107460943,0.0002336107460943,0.000408818805665,0.0004964228354504,0.0007884362680683,0.000408818805665,0.0005840268652358,0.0004964228354504,0.000554825521974,0.0003504161191414,0.000554825521974,0.0007592349248065,0.0008176376113301,0.0017812819389691,0.0016936779091838,0.0025697182070375,0.0028325302963936,0.0025697182070375,0.0046722149218864,0.0054314498466929,44.38140106201172,170.49090576171875,14
0.0,0.0004415011037527,0.0,0.0,0.0,0.0,0.0,0.0,0.0008830022075055,0.0008830022075055,0.0004415011037527,0.0,0.0008830022075055,0.0,0.0,0.0008830022075055,0.0004415011037527,0.0,0.0,0.0004415011037527,0.0004415011037527,0.0,0.0,0.0,0.001766004415011,0.0004415011037527,0.0008830022075055,0.0008830022075055,0.0004415011037527,0.0008830022075055,0.0004415011037527,0.0004415011037527,0.0008830022075055,0.0022075055187637,0.0044150110375275,0.0075055187637969,0.0,0.0015006231401175,0.0012462802350128,0.0015769260116489,0.0008902001678663,0.0008138972963349,0.0013225831065442,0.0010682402014395,0.0011445430729709,0.0014497545590965,0.0017549660452221,0.0015514917211384,0.0015769260116489,0.0016532288831803,0.0015006231401175,0.0018058346262431,0.0019330060787954,0.0016277945926698,0.0019584403693058,0.0014497545590965,0.0020856118218582,0.0016786631736907,0.0012462802350128,0.0016532288831803,0.0013480173970547,0.0012971488160337,0.0018312689167535,0.0019584403693058,0.0026451662130884,0.003001246280235,0.0032555891853396,0.0047307780349467,0.0054683724597502,0.007477681410077,0.0103517562377597,0.0135056082610575,28.470434188842773,201.050521850586,15
0.0,0.0,0.0,0.0004558924093913,0.0004558924093913,0.0,0.0,0.0002279462046956,0.0,0.0002279462046956,0.0002279462046956,0.0004558924093913,0.0,0.0002279462046956,0.0002279462046956,0.000683838614087,0.000683838614087,0.0002279462046956,0.0,0.0002279462046956,0.0,0.0002279462046956,0.0,0.0011397310234784,0.0,0.0009117848187827,0.0009117848187827,0.0009117848187827,0.0004558924093913,0.0013676772281741,0.000683838614087,0.0013676772281741,0.0020515158422612,0.0034191930704353,0.003647139275131,0.0072942785502621,0.0,0.0005468340586479,0.0002734170293239,0.0006379730684226,0.0004101255439859,0.0004329102964296,0.0005468340586479,0.0005696188110916,0.0006379730684226,0.0009113900977465,0.0010253138599649,0.0011164528697395,0.0010936681172959,0.0009341748501902,0.0009113900977465,0.0009797443550775,0.0009569596026339,0.0007974663355282,0.0010480986124085,0.0007746815830845,0.0012303766319578,0.0010253138599649,0.0009797443550775,0.0010936681172959,0.0012303766319578,0.0010253138599649,0.0010936681172959,0.0014582241563945,0.0018683497003805,0.0020734124723734,0.0023923990065847,0.003531636628768,0.0042835334594089,0.0059012508829091,0.0085442821663742,0.0105721251338604,31.861473083496094,211.2030639648437,16
0.0,0.0,0.0,0.0001974723538704,0.0001974723538704,0.0003949447077409,0.0001974723538704,0.0,0.0003949447077409,0.0,0.0003949447077409,0.0005924170616113,0.0,0.0,0.0001974723538704,0.0,0.0001974723538704,0.0,0.0,0.0001974723538704,0.0003949447077409,0.0,0.0,0.0001974723538704,0.0,0.0,0.0007898894154818,0.0005924170616113,0.0,0.0001974723538704,0.0005924170616113,0.0001974723538704,0.0003949447077409,0.0003949447077409,0.0011848341232227,0.0017772511848341,0.0,0.0002513931369673,0.0002094942808061,0.0001675954246449,0.0001256965684836,0.0002723425650479,0.0001466459965642,0.0001885448527255,0.0001466459965642,0.0002094942808061,0.0002723425650479,0.0006284828424184,0.0003980391335316,0.0005865839862571,0.0002723425650479,0.0005237357020153,0.0006075334143377,0.0006703816985796,0.0006284828424184,0.0008170276951439,0.0005027862739347,0.0004189885616122,0.0005446851300959,0.0007122805547408,0.0004608874177734,0.0006913311266602,0.0011103196882725,0.0009008254074663,0.0010474714040306,0.0012150668286755,0.0016550048183684,0.0011731679725143,0.0012569656848368,0.002220639376545,0.0031843130682532,0.0051116604516696,91.30265045166016,251.18386840820312,17
0.0,0.0,0.0,0.0,0.0,0.0,0.0,0.0,0.0,0.0,0.0,0.0,0.0,0.0,0.0,0.0,0.0,0.0,0.0,0.0,0.0,0.0,0.0002007628990162,0.0,0.0002007628990162,0.0,0.0,0.0,0.0002007628990162,0.0002007628990162,0.0,0.0002007628990162,0.0,0.0002007628990162,0.0004015257980325,0.0012045773940975,0.0,5.918910920390648e-05,1.9729703067968827e-05,1.9729703067968827e-05,3.9459406135937655e-05,1.9729703067968827e-05,3.9459406135937655e-05,3.9459406135937655e-05,1.9729703067968827e-05,7.891881227187531e-05,5.918910920390648e-05,5.918910920390648e-05,0.0001183782184078,3.9459406135937655e-05,0.0001578376245437,0.0001183782184078,0.0001578376245437,0.0002762158429515,0.0001381079214757,0.0001183782184078,0.0001775673276117,0.0001381079214757,0.0002564861398835,9.864851533984412e-05,0.0002170267337476,9.864851533984412e-05,3.9459406135937655e-05,0.0001578376245437,0.0001775673276117,0.0001972970306796,0.0003156752490875,0.0004340534674953,0.000611620795107,0.0010456742626023,0.0013416198086218,0.002505672289632,37.45591354370117,208.57571411132807,18
0.0,0.0024925224327018,0.0024925224327018,0.0019940179461615,0.0004985044865403,0.0009970089730807,0.0,0.0,0.0004985044865403,0.0004985044865403,0.0004985044865403,0.0014955134596211,0.0029910269192422,0.0014955134596211,0.0004985044865403,0.0004985044865403,0.0,0.0004985044865403,0.0004985044865403,0.0004985044865403,0.0009970089730807,0.0014955134596211,0.0004985044865403,0.0014955134596211,0.0004985044865403,0.0009970089730807,0.0009970089730807,0.0,0.0004985044865403,0.0004985044865403,0.0004985044865403,0.0019940179461615,0.0024925224327018,0.0004985044865403,0.0014955134596211,0.0019940179461615,0.0,0.0003623289389336,8.361437052314724e-05,0.0006410435073441,0.0002787145684104,0.0006689149641851,0.0002787145684104,0.0005574291368209,0.000613172050503,0.0007804007915493,0.0011148582736419,0.0014493157557345,0.0013657013852114,0.0005016862231388,0.0007804007915493,0.001170601187324,0.0008361437052314,0.0007804007915493,0.0007525293347083,0.0010312439031188,0.0012263441010061,0.0008640151620725,0.0009755009894367,0.001170601187324,0.0007804007915493,0.001170601187324,0.0010033724462777,0.0014214442988935,0.0012542155578472,0.0018395161515092,0.0018395161515092,0.0028150171409459,0.0030937317093564,0.0028986315114691,0.0043758187240447,0.0076089077176063,57.91065979003906,203.4152374267578,19
0.0,0.0,0.0,0.0004980079681274,0.0,0.0,0.0004980079681274,0.0004980079681274,0.0,0.0,0.0004980079681274,0.0004980079681274,0.0,0.0,0.0004980079681274,0.0004980079681274,0.0,0.0,0.0,0.0004980079681274,0.0004980079681274,0.0004980079681274,0.0,0.0,0.0004980079681274,0.0,0.0,0.0,0.0,0.0004980079681274,0.0004980079681274,0.0014940239043824,0.0,0.0009960159362549,0.0079681274900398,0.0074701195219123,0.0,0.0002370354763096,0.0001316863757275,0.0003160473017461,0.0002106982011641,0.0001316863757275,0.0005004082277647,0.0003687218520371,0.0003160473017461,0.0002897100266006,0.0002370354763096,0.0003160473017461,0.0003687218520371,0.0003687218520371,0.0004213964023282,0.0002370354763096,0.0003950591271827,0.0003950591271827,0.0006320946034923,0.0004477336774737,0.0004740709526192,0.0005004082277647,0.0003950591271827,0.0003687218520371,0.0008691300798019,0.0002633727514551,0.0004213964023282,0.0007901182543654,0.0007637809792198,0.0008691300798019,0.0015538992335852,0.0016329110590218,0.0033975084937712,0.0041876267481366,0.0049514077273565,0.0071637388395796,10.514815330505373,198.30113220214844,20
0.0,0.0,0.0,0.0,0.0,0.0,0.0,0.0,0.0,0.0,0.0,0.0009090909090909,0.0004545454545454,0.0009090909090909,0.0004545454545454,0.0,0.0,0.0004545454545454,0.0,0.0,0.0009090909090909,0.0,0.0004545454545454,0.0009090909090909,0.0004545454545454,0.0,0.0013636363636363,0.0,0.0022727272727272,0.0027272727272727,0.0018181818181818,0.0059090909090909,0.0068181818181818,0.0022727272727272,0.0068181818181818,0.0068181818181818,0.0,0.000112790435371,0.000112790435371,0.0001579066095195,9.023234829686444e-05,0.000112790435371,0.0002706970448905,0.0006541845251522,0.0007669749605233,0.001150462440785,0.0010827881795623,0.0010151139183397,0.0013760433115271,0.0010602300924881,0.0010602300924881,0.0011955786149334,0.0009699977441912,0.0011279043537108,0.0017144146176404,0.0015113918339724,0.0015339499210466,0.0011730205278592,0.0010151139183397,0.0007444168734491,0.0009925558312655,0.000947439657117,0.000947439657117,0.0009925558312655,0.0013083690503045,0.0018723212271599,0.0021655763591247,0.0027746447101285,0.0029551094067223,0.0031581321903902,0.0049627791563275,0.0054139408978118,38.74623489379883,173.64251708984375,21
0.0,0.0,0.0,0.0,0.0,0.0,0.0,0.0,0.0,0.0,0.0,0.0,0.0,0.0,0.0,0.0,0.0,0.0,0.0,0.0,0.0,0.0,0.0,0.0004543389368468,0.0013630168105406,0.0,0.0004543389368468,0.0004543389368468,0.0004543389368468,0.0013630168105406,0.0013630168105406,0.0022716946842344,0.0031803725579282,0.0040890504316219,0.0049977283053157,0.0059064061790095,0.0,0.0001402885267366,0.0001636699478594,0.0003273398957188,0.0001169071056138,0.0002571956323505,0.0004910098435782,0.0010287825294021,0.0011690710561387,0.0014964109518576,0.0013327410039982,0.0014496481096121,0.0017302251630854,0.0013093595828754,0.0015197923729804,0.0016834623208398,0.0013093595828754,0.0014730295307348,0.0022212350066637,0.0019640393743131,0.0021510907432953,0.0017536065842081,0.0013795038462437,0.0011223082138932,0.0012859781617526,0.0013795038462437,0.0014028852673665,0.0014964109518576,0.001870513689822,0.0025251934812597,0.0028759147981014,0.0037410273796441,0.0037877902218896,0.0039280787486263,0.0060557880707989,0.0065935607566227,36.49030303955078,180.9416046142578,22
0.0,0.0,0.0,0.0004982561036372,0.0,0.0,0.0004982561036372,0.0004982561036372,0.0,0.0,0.0004982561036372,0.0004982561036372,0.0,0.0,0.0004982561036372,0.0004982561036372,0.0,0.0,0.0,0.0004982561036372,0.0004982561036372,0.0004982561036372,0.0,0.0,0.0004982561036372,0.0,0.0,0.0,0.0,0.0004982561036372,0.0004982561036372,0.0014947683109118,0.0,0.0009965122072745,0.0079720976581963,0.007473841554559,0.0,0.0002369543467958,0.0001316413037754,0.0003159391290611,0.0002106260860407,0.0001316413037754,0.0005002369543467,0.0003685956505713,0.0003159391290611,0.000289610868306,0.0002369543467958,0.0003159391290611,0.0003685956505713,0.0003685956505713,0.0004212521720815,0.0002369543467958,0.0003949239113264,0.0003949239113264,0.0006318782581222,0.0004475804328366,0.0004739086935917,0.0005002369543467,0.0003949239113264,0.0003685956505713,0.0008688326049181,0.0002632826075509,0.0004212521720815,0.0007898478226528,0.0007635195618977,0.0008688326049181,0.0015533673845505,0.0016323521668158,0.0033963456374071,0.00418619346006,0.0049497130219577,0.0071612869253857,10.534558296203612,198.31922912597656,23
0.0,0.000141719339021,2.834386780420056e-05,0.000141719339021,0.0,8.503160341260168e-05,5.6687735608401125e-05,0.0001984070746294,5.6687735608401125e-05,0.0002267509424336,0.0001133754712168,0.0001984070746294,0.0001133754712168,8.503160341260168e-05,0.0001984070746294,0.000283438678042,0.000141719339021,0.000141719339021,0.0002267509424336,0.0001700632068252,5.6687735608401125e-05,0.000141719339021,0.0001133754712168,0.0001133754712168,0.000141719339021,0.0001700632068252,0.0001700632068252,0.000566877356084,0.0003401264136504,0.0001700632068252,0.0002550948102378,0.0005385334882798,0.0005952212238882,0.0006235650916924,0.0008786599019302,0.001700632068252,0.0,0.0001857775193047,0.0001130819682724,0.0002584730703369,0.0001373138186165,0.0001777002358566,0.0002019320862007,0.0002019320862007,0.0001938548027527,0.0003069367710251,0.0004038641724015,0.0004523278730897,0.0004927142903298,0.0003554004717133,0.0005815644082582,0.0004765597234338,0.0003957868889535,0.0004280960227456,0.0003957868889535,0.0004765597234338,0.0006138735420503,0.0004927142903298,0.0005169461406739,0.0004523278730897,0.0006219508254983,0.0004119414558495,0.0004765597234338,0.0006946463765306,0.0007754192110109,0.001058124131692,0.0011146651158282,0.00159930212271,0.0022293302316564,0.0030370585764595,0.0042486510936641,0.0062275855384317,45.951908111572266,216.03404235839844,24
0.0,0.0,0.0,0.0,0.0,0.0,0.0001814552712756,0.0,0.0001814552712756,0.0,0.0,0.0001814552712756,0.0005443658138268,0.0005443658138268,0.0001814552712756,0.0,0.0001814552712756,0.0001814552712756,0.0007258210851025,0.0001814552712756,0.0003629105425512,0.0007258210851025,0.0007258210851025,0.0005443658138268,0.0,0.0001814552712756,0.0001814552712756,0.0003629105425512,0.0003629105425512,0.0010887316276537,0.0003629105425512,0.0016330974414806,0.0023589185265831,0.0018145527127563,0.0027218290691344,0.0032661948829613,0.0,4.531345583070893e-05,9.062691166141786e-05,0.0001132836395767,4.531345583070893e-05,6.79701837460634e-05,6.79701837460634e-05,0.0002945374628996,0.0002265672791535,0.0003171941908149,0.0003171941908149,0.0003625076466456,0.000385164374561,0.000453134558307,0.0004984480141377,0.0005664181978838,0.0005664181978838,0.0008836123886988,0.0011101796678523,0.0010422094841063,0.0013140902190905,0.001087522939937,0.0008836123886988,0.0006570451095452,0.0009289258445295,0.0007250152932913,0.0009742393003602,0.0010195527561909,0.0012008065795137,0.0017672247773976,0.0019711353286358,0.0026508371660964,0.0029000611731653,0.0031266284523189,0.0049165099576319,0.0050751070530394,40.5073127746582,169.60906982421875,25
0.0,0.0,0.0,0.0,0.0,0.0,0.0002075550020755,0.0,0.0002075550020755,0.0,0.0,0.0,0.0,0.0002075550020755,0.0006226650062266,0.0006226650062266,0.0004151100041511,0.0,0.0002075550020755,0.0002075550020755,0.0006226650062266,0.0006226650062266,0.0,0.0002075550020755,0.0002075550020755,0.0002075550020755,0.0004151100041511,0.0004151100041511,0.0010377750103777,0.0004151100041511,0.0010377750103777,0.0018679950186799,0.0045662100456621,0.0037359900373599,0.0039435450394354,0.0037359900373599,0.0,0.0022406938923021,0.0018973617636429,0.0023129743404409,0.0014275388507408,0.0013913986266714,0.002186483556198,0.0021142031080592,0.002421395012649,0.002837007589447,0.0023491145645103,0.0026201662450307,0.0024936754607878,0.0015720997470184,0.0021684134441633,0.0024575352367184,0.0020780628839898,0.0017166606432959,0.0027285869172388,0.0023671846765449,0.0024575352367184,0.0020780628839898,0.0015178894109143,0.0015178894109143,0.0017166606432959,0.0017166606432959,0.0013371882905674,0.0022226237802674,0.0022406938923021,0.0029815684857246,0.0036320925189736,0.0041019154318756,0.0058727864112757,0.0088904951210697,0.0105348753162269,0.012305746295627,16.796701431274414,193.37567138671875,26
0.0,0.0,0.0,0.0,0.0,0.0,0.0,0.0,0.0,0.0,0.0,0.0,0.0,0.0,0.0,0.0,0.0,0.0,0.0,0.0,0.0,0.0,0.0,0.0,0.0,0.0,0.0,0.0,0.0,0.0,0.0,0.0,0.0,0.0,0.0004468275245755,0.0116175156389633,0.0,0.0001363995962571,0.0001091196770057,0.0002727991925143,0.0001091196770057,5.455983850287803e-05,0.0002182393540115,0.0003273590310172,0.0002727991925143,0.0001091196770057,0.0001091196770057,0.00019095943476,0.0001363995962571,0.0002727991925143,0.0004910385465259,0.0003273590310172,0.0002182393540115,0.0001636795155086,0.0003546389502687,0.0002182393540115,0.0002727991925143,0.0002727991925143,0.00019095943476,0.00019095943476,0.0004091987887715,0.00019095943476,0.0003273590310172,0.0004910385465259,0.000436478708023,0.0006547180620345,0.0007911176582917,0.0006819979812859,0.0017731947513435,0.0016367951550863,0.0022096734593665,0.0022369533786179,22.57659912109375,193.71060180664065,27
0.0,0.0,0.0,0.0,0.0,0.0,0.0,0.0,0.0,0.0,0.0,0.0,0.0,0.0,0.0001791472590469,0.0001791472590469,0.0005374417771408,0.0001791472590469,0.0008957362952346,0.0001791472590469,0.0,0.0,0.0,0.0,0.0,0.0,0.0,0.0,0.0,0.0,0.0,0.0001791472590469,0.0,0.0001791472590469,0.0003582945180938,0.0012540308133285,0.0,0.0001050990558601,7.00660372400988e-05,0.0001401320744801,1.75165093100247e-05,1.75165093100247e-05,0.0001050990558601,0.0001926816024102,8.75825465501235e-05,7.00660372400988e-05,8.75825465501235e-05,0.0001926816024102,0.0001576485837902,0.0005780448072308,0.0007882429189511,0.0003328136768904,0.0004379127327506,0.0004554292420606,0.0005254952793007,0.0003503301862004,0.0003328136768904,0.0003328136768904,0.0003503301862004,0.0003152971675804,0.0005254952793007,0.0003678466955105,0.0002977806582704,0.0006656273537809,0.0006656273537809,0.0008407924468811,0.0014013207448019,0.0015064198006621,0.0023296957382332,0.0046944244950866,0.0034682688433848,0.004974688644047,25.91959381103516,212.7733612060547,28
0.0,0.0001854771399425,9.273856997125104e-05,0.0,0.0,0.0,0.0001854771399425,0.0,0.0,0.0,9.273856997125104e-05,9.273856997125104e-05,0.0,0.0,0.0,0.0,0.0001854771399425,9.273856997125104e-05,0.0,9.273856997125104e-05,0.0,0.0,0.0001854771399425,0.0001854771399425,9.273856997125104e-05,0.000370954279885,0.0,0.0,0.0,0.0002782157099137,0.0002782157099137,0.0002782157099137,0.0002782157099137,0.0002782157099137,0.0001854771399425,0.0004636928498562,0.0,0.0001838291614326,0.0001378718710744,0.0001378718710744,0.0001225527742884,0.000306381935721,0.0001378718710744,0.0002451055485768,0.0001685100646465,0.0002451055485768,0.0003982965164373,0.0006280829682281,0.0003523392260792,0.0004442538067955,0.0002451055485768,0.0004136156132234,0.0004442538067955,0.0003370201292931,0.0003982965164373,0.0004442538067955,0.0003982965164373,0.000306381935721,0.0003829774196513,0.0003982965164373,0.0003676583228652,0.0006127638714421,0.000597444774656,0.0006587211618003,0.0008119121296608,0.0007199975489445,0.0009651030975213,0.0006740402585863,0.0009804221943074,0.0014706332914611,0.0026348846472012,0.0039676460675878,107.76985931396484,259.6099853515625,29
0.0,0.0003072196620583,0.0,0.0003072196620583,0.0003072196620583,0.0,0.0,0.0,0.0,0.0,0.0,0.0,0.0,0.0,0.0,0.0,0.0,0.0003072196620583,0.0003072196620583,0.0006144393241167,0.0003072196620583,0.0,0.0,0.0003072196620583,0.0,0.0,0.0,0.0,0.0,0.0009216589861751,0.0,0.0,0.0003072196620583,0.0,0.0006144393241167,0.0003072196620583,0.0,2.4735331948154744e-05,4.947066389630949e-05,7.420599584446424e-05,4.947066389630949e-05,7.420599584446424e-05,7.420599584446424e-05,0.0001236766597407,0.0001484119916889,2.4735331948154744e-05,4.947066389630949e-05,2.4735331948154744e-05,4.947066389630949e-05,0.0,2.4735331948154744e-05,0.0001236766597407,7.420599584446424e-05,0.0,2.4735331948154744e-05,4.947066389630949e-05,0.0001484119916889,7.420599584446424e-05,0.0001236766597407,2.4735331948154744e-05,0.0001978826555852,2.4735331948154744e-05,0.0001484119916889,0.0001236766597407,7.420599584446424e-05,0.000173147323637,7.420599584446424e-05,0.0002968239833778,0.0005441773028594,0.0004452359750667,0.0018304145641634,0.0022014445433857,37.62276840209961,187.9193115234375,30
0.0,0.0003415300546448,0.0,0.0,0.0,0.0,0.0,0.0003415300546448,0.0,0.0,0.0003415300546448,0.0010245901639344,0.0006830601092896,0.0003415300546448,0.0006830601092896,0.0003415300546448,0.0006830601092896,0.0006830601092896,0.0013661202185792,0.0003415300546448,0.0010245901639344,0.0006830601092896,0.0006830601092896,0.0,0.0003415300546448,0.0003415300546448,0.0003415300546448,0.001707650273224,0.0020491803278688,0.0010245901639344,0.0023907103825136,0.0027322404371584,0.0027322404371584,0.0044398907103825,0.0047814207650273,0.0027322404371584,0.0,0.0001572728881199,9.829555507499952e-05,0.0001179546660899,9.829555507499952e-05,0.0001179546660899,0.0001965911101499,0.0002359093321799,0.0002162502211649,9.829555507499952e-05,0.0002948866652249,0.0003735231092849,0.0004128413313149,0.0009239782177049,0.0011795466608999,0.0006684097745099,0.0008060235516149,0.0009829555507499,0.0014154559930799,0.0009829555507499,0.0012975013269899,0.0014351151040949,0.0007667053295849,0.0006880688855249,0.0010222737727799,0.0009632964397349,0.0011402284388699,0.0023394342107849,0.0021821613226649,0.0027522755420999,0.0047771639766449,0.0046788684215699,0.0071559164094599,0.0103406923938899,0.0078046670729549,0.0090628501779149,15.768939971923828,197.292221069336,31
0.0,0.0,0.0,0.0,0.0,0.0,0.0,0.0,0.0,0.0,0.0,0.0,0.0010357327809425,0.0005178663904712,0.0005178663904712,0.0005178663904712,0.0005178663904712,0.0036250647332988,0.0015535991714137,0.0036250647332988,0.0025893319523562,0.0015535991714137,0.0010357327809425,0.0005178663904712,0.0010357327809425,0.0,0.0005178663904712,0.0010357327809425,0.0025893319523562,0.0025893319523562,0.0051786639047125,0.0056965302951838,0.0051786639047125,0.0056965302951838,0.0036250647332988,0.0056965302951838,0.0,5.595188138201147e-05,0.0,5.595188138201147e-05,5.595188138201147e-05,5.595188138201147e-05,0.000195831584837,0.000111903762764,0.000139879703455,5.595188138201147e-05,0.000223807525528,0.000195831584837,0.000223807525528,0.000223807525528,0.000335711288292,0.000335711288292,0.0007273744579661,0.0005874947545111,0.0008952301021121,0.0005035669324381,0.0008672541614211,0.0008952301021121,0.0006434466358931,0.000363687228983,0.0005315428731291,0.0006714225765841,0.0006714225765841,0.0015946286193873,0.0015946286193873,0.0016505805007693,0.0025458106028815,0.0026297384249545,0.0038327038746677,0.005147573087145,0.005091621205763,0.0057350678416561,25.98959732055664,186.19384765625,32
0.0,0.0,0.0,0.0,0.0,0.0,0.0,0.0,0.0,0.0,0.0,0.0,0.0,0.0,0.0,0.0,0.0012277470841006,0.0,0.0,0.0,0.0,0.0,0.0,0.0,0.0,0.0,0.0,0.0,0.0,0.0,0.0,0.0,0.0,0.0006138735420503,0.0,0.0,0.0,0.0,0.0,0.0,0.0,0.0,0.0,2.9768106450748668e-05,0.0,5.9536212901497336e-05,8.930431935224601e-05,5.9536212901497336e-05,5.9536212901497336e-05,2.9768106450748668e-05,8.930431935224601e-05,0.0001488405322537,8.930431935224601e-05,0.0002679129580567,0.0002976810645074,8.930431935224601e-05,8.930431935224601e-05,5.9536212901497336e-05,0.0002679129580567,8.930431935224601e-05,0.0001190724258029,0.0001488405322537,0.0,0.0001488405322537,0.0001786086387044,0.0003274491709582,0.0002083767451552,0.0002976810645074,0.0003274491709582,0.0005953621290149,0.0003274491709582,0.0008632750870717,43.98844146728516,216.56817626953125,33
0.0,0.0,0.0,0.0,0.0,0.0,0.0,0.0003247807729782,0.0,0.0,0.0,0.0003247807729782,0.0003247807729782,0.0003247807729782,0.0,0.0,0.0003247807729782,0.0006495615459564,0.0,0.0006495615459564,0.0006495615459564,0.0009743423189347,0.0006495615459564,0.0006495615459564,0.0009743423189347,0.0019486846378694,0.0,0.0022734654108476,0.0012991230919129,0.0003247807729782,0.0003247807729782,0.0009743423189347,0.0003247807729782,0.0003247807729782,0.0012991230919129,0.0016239038648911,0.0,0.000195477943572,0.000369236115636,0.000173758172064,0.000304076801112,0.000260637258096,0.000260637258096,0.000347516344128,0.000456115201668,0.000390955887144,0.0007167524597641,0.0007167524597641,0.0011945874329402,0.0010425490323841,0.0007384722312721,0.000499554744684,0.000564714059208,0.0009991094893681,0.0009556699463521,0.0015421037770682,0.0011728676614322,0.0014552246910362,0.0014335049195282,0.0017593014921483,0.0019764992072283,0.0020199387502443,0.0012380269759562,0.0013466258334962,0.0013249060619882,0.0020416585217523,0.0013031862904802,0.0017593014921483,0.0015421037770682,0.0023457353228644,0.0028670098390564,0.0043656740731087,145.39976501464844,252.6916656494141,34
0.0,0.0,0.0009751340809361,0.0,0.0,0.0,0.0009751340809361,0.0,0.0,0.0,0.0,0.0,0.0,0.000487567040468,0.0,0.0,0.000487567040468,0.0,0.000487567040468,0.000487567040468,0.0009751340809361,0.0,0.000487567040468,0.0,0.000487567040468,0.0009751340809361,0.0009751340809361,0.000487567040468,0.0009751340809361,0.0024378352023403,0.0019502681618722,0.0034129692832764,0.0029254022428083,0.0009751340809361,0.0073135056070209,0.0102389078498293,0.0,0.0017554125219426,0.0010030928696815,0.0010588202513304,0.0017832762127671,0.0015882303769957,0.0039009167154281,0.0043745994594443,0.0018111399035916,0.0072445596143665,0.0080804703391011,0.0028142327732731,0.0039845077879015,0.006241466744685,0.004068098860375,0.003037142299869,0.0054334197107748,0.0060464209089135,0.0055448744740728,0.0025634595558527,0.0027863690824486,0.002925687536571,0.0019783220485385,0.0024520047925548,0.0016160940678202,0.0026470506283262,0.0021455041934854,0.0013931845412243,0.0022569589567834,0.0027027780099752,0.0027585053916241,0.0034829613530608,0.0021733678843099,0.0028699601549221,0.0053776923291259,0.008247652484048,24.91251564025879,180.1045379638672,36
0.0,0.0,0.0,0.0009637006103437,0.0,0.0006424670735624,0.0003212335367812,0.0003212335367812,0.0,0.0006424670735624,0.0,0.0006424670735624,0.0003212335367812,0.0006424670735624,0.0009637006103437,0.0016061676839061,0.0009637006103437,0.0009637006103437,0.0022486347574686,0.0022486347574686,0.0016061676839061,0.0022486347574686,0.0012849341471249,0.0019274012206874,0.0006424670735624,0.0009637006103437,0.0019274012206874,0.0,0.0025698682942499,0.0028911018310311,0.0032123353678123,0.0019274012206874,0.0032123353678123,0.0028911018310311,0.0057822036620623,0.0096370061034371,0.0,0.0003108808290155,0.0002590673575129,0.0004145077720207,0.0001036269430051,0.0003367875647668,0.0003108808290155,0.0002331606217616,0.0002849740932642,0.0008031088082901,0.0009844559585492,0.0004145077720207,0.000440414507772,0.0006476683937823,0.0010880829015544,0.0012435233160621,0.0015025906735751,0.0014507772020725,0.0021502590673575,0.0023056994818652,0.0028756476683937,0.0015544041450777,0.0012176165803108,0.0013730569948186,0.0014507772020725,0.0025647668393782,0.0019170984455958,0.0026683937823834,0.0028756476683937,0.0033937823834196,0.0045854922279792,0.0037305699481865,0.0038860103626943,0.0048704663212435,0.0065544041450777,0.013160621761658,44.417213439941406,217.06344604492188,38
0.0,0.0,0.0,0.0,0.0,0.0,0.0,0.0,0.0002098195551825,0.0,0.0,0.0,0.0002098195551825,0.0,0.0,0.0,0.0,0.0002098195551825,0.0,0.0,0.0,0.0002098195551825,0.0002098195551825,0.0,0.0002098195551825,0.0,0.0,0.0,0.0,0.0,0.0002098195551825,0.0002098195551825,0.0002098195551825,0.000419639110365,0.000419639110365,0.000419639110365,0.0,5.866364223000059e-05,3.910909482000039e-05,3.910909482000039e-05,1.9554547410000195e-05,3.910909482000039e-05,0.0,1.9554547410000195e-05,3.910909482000039e-05,3.910909482000039e-05,7.821818964000078e-05,1.9554547410000195e-05,3.910909482000039e-05,1.9554547410000195e-05,0.00011732728446,0.00015643637928,7.821818964000078e-05,0.00021510002151,0.00015643637928,0.00011732728446,0.00029331821115,0.00011732728446,0.00015643637928,3.910909482000039e-05,0.0001955454741,0.00011732728446,0.00011732728446,0.00029331821115,0.00025420911633,0.00031287275856,0.00017599092669,0.00031287275856,0.00023465456892,0.00050841823266,0.00111460920237,0.00146659105575,72.27814483642578,233.704330444336,40
0.0,0.0,0.0,0.0,0.0,0.0,0.0,0.0,0.0,0.0,0.0,0.0,0.0,0.0,0.0,0.0,0.0,0.0,0.0,0.0,0.0,0.0,0.0,0.0,0.0,0.0,0.0,0.0,0.0,0.0,0.0,0.0,0.0,0.0,0.0,0.0,0.0,6.0248222677431016e-05,3.0124111338715508e-05,6.0248222677431016e-05,3.0124111338715508e-05,6.0248222677431016e-05,0.0,3.0124111338715508e-05,3.0124111338715508e-05,3.0124111338715508e-05,9.037233401614652e-05,3.0124111338715508e-05,3.0124111338715508e-05,0.0,0.0001506205566935,0.0001807446680322,3.0124111338715508e-05,0.000210868779371,0.0001807446680322,0.0001807446680322,0.0003614893360645,0.0001506205566935,0.000210868779371,6.0248222677431016e-05,0.0002409928907097,0.0001506205566935,0.0001807446680322,0.000421737558742,0.0003313652247258,0.0003916134474033,0.000210868779371,0.0003614893360645,0.0002711170020484,0.0006627304494517,0.001476081455597,0.0018375707916616,79.05632019042969,241.3723602294922,41
0.0,0.0,0.0,0.0,0.0,0.0,0.0,0.0,0.0,0.0,0.0,0.0,0.0,0.0,0.0,0.0,0.0,0.0002501876407305,0.0,0.0,0.0,0.0,0.0002501876407305,0.0,0.0002501876407305,0.0,0.0,0.0,0.0,0.0,0.0,0.0002501876407305,0.0002501876407305,0.000500375281461,0.0002501876407305,0.0002501876407305,0.0,7.015902712815716e-05,4.677268475210477e-05,0.0,2.3386342376052384e-05,4.677268475210477e-05,0.0,0.0,7.015902712815716e-05,4.677268475210477e-05,7.015902712815716e-05,0.0,7.015902712815716e-05,0.0,7.015902712815716e-05,0.0001637043966323,9.354536950420954e-05,0.0001870907390084,0.0001403180542563,0.0,0.0001637043966323,7.015902712815716e-05,4.677268475210477e-05,0.0,4.677268475210477e-05,7.015902712815716e-05,7.015902712815716e-05,0.0002104770813844,0.0002338634237605,0.0001870907390084,0.0001637043966323,0.0002572497661365,0.0001870907390084,0.0003741814780168,0.0008419083255378,0.0011459307764265,70.57756042480469,230.73812866210932,42
0.0,0.0,0.0,0.0003507541213609,0.0,0.0,0.0,0.0003507541213609,0.0010522623640827,0.0003507541213609,0.0003507541213609,0.0,0.0,0.0,0.0003507541213609,0.0017537706068046,0.0014030164854437,0.0003507541213609,0.0021045247281655,0.0007015082427218,0.0007015082427218,0.0,0.0007015082427218,0.0003507541213609,0.0,0.0003507541213609,0.0,0.0003507541213609,0.0017537706068046,0.0,0.0003507541213609,0.0003507541213609,0.0007015082427218,0.0,0.0035075412136092,0.0017537706068046,0.0,4.674426214182209e-05,2.3372131070911045e-05,2.3372131070911045e-05,2.3372131070911045e-05,4.674426214182209e-05,7.011639321273313e-05,2.3372131070911045e-05,7.011639321273313e-05,4.674426214182209e-05,0.0001636049174963,2.3372131070911045e-05,0.0001168606553545,9.348852428364418e-05,0.0001402327864254,0.0002103491796381,0.0002804655728509,0.00025709344178,0.0003973262282054,0.0003739540971345,0.0005609311457018,0.0004440704903473,0.0004908147524891,0.00051418688356,0.0004908147524891,0.0007946524564109,0.0008413967185527,0.0008881409806946,0.0007946524564109,0.0010984901603328,0.0016827934371055,0.0018697704856728,0.0017529098303183,0.0025241901556583,0.0029215163838638,0.0051418688356004,70.36918640136719,222.46484375,43
0.0,0.0,0.0,0.0,0.0,0.0,0.0,0.0,0.0004761904761904,0.0,0.0009523809523809,0.0,0.0004761904761904,0.0,0.0,0.0004761904761904,0.0009523809523809,0.0009523809523809,0.0023809523809523,0.0009523809523809,0.0009523809523809,0.0009523809523809,0.0023809523809523,0.0004761904761904,0.0004761904761904,0.0019047619047619,0.0019047619047619,0.0019047619047619,0.0009523809523809,0.0004761904761904,0.0014285714285714,0.0033333333333333,0.0014285714285714,0.0038095238095238,0.0047619047619047,0.0042857142857142,0.0,8.42412669886555e-05,2.808042232955184e-05,0.0001684825339773,2.808042232955184e-05,8.42412669886555e-05,0.0001684825339773,5.616084465910367e-05,0.0001404021116477,5.616084465910367e-05,0.0001684825339773,5.616084465910367e-05,0.0001123216893182,5.616084465910367e-05,0.0002527238009659,0.0003650454902841,0.0003931259126137,0.0002808042232955,0.000561608446591,0.0004773671796023,0.0007862518252274,0.0005335280242614,0.0003931259126137,0.0005896888689205,0.0005896888689205,0.0008985735145456,0.0008704930922161,0.0010108952038638,0.0010670560485229,0.0014882623834662,0.0022183533640345,0.0021341120970459,0.0019094687184095,0.0028361226552847,0.0030888464562507,0.0062057733348309,67.15095520019531,219.75347900390625,44
0.0,0.0012914334911752,0.0004304778303917,0.0004304778303917,0.0,0.0004304778303917,0.0008609556607834,0.0,0.0004304778303917,0.0,0.0008609556607834,0.0008609556607834,0.0008609556607834,0.0017219113215669,0.0021523891519586,0.0012914334911752,0.0025828669823504,0.004735256134309,0.0055962117950925,0.0034438226431338,0.0038743004735256,0.0017219113215669,0.0021523891519586,0.0030133448127421,0.0012914334911752,0.0021523891519586,0.0030133448127421,0.0051657339647008,0.0055962117950925,0.006457167455876,0.0025828669823504,0.0055962117950925,0.0043047783039173,0.0051657339647008,0.0055962117950925,0.0124838570813603,0.0,0.0003063640161537,0.0003063640161537,0.0003620665645453,0.0001949589193705,0.0003899178387411,0.0003899178387411,0.0002228101935663,0.0002506614677621,0.0001949589193705,0.0007519844032864,0.00052917420972,0.0004734716613285,0.000807686951678,0.0011976047904191,0.0016432251775518,0.0018381840969224,0.0015318200807686,0.0025901685002088,0.0026737223227962,0.0032307478067121,0.0018660353711182,0.001615373903356,0.0018660353711182,0.0019495891937056,0.0036206656454532,0.0024230608550341,0.0031193427099289,0.0033421529034953,0.0040105834841944,0.0057095112101378,0.0045119064197187,0.0046790140648934,0.0056259573875504,0.0068235621779696,0.0129786937752402,42.60993194580078,210.4524383544922,47
0.0,0.0,0.0,0.0001942501942501,0.0,0.0003885003885003,0.0,0.0001942501942501,0.0001942501942501,0.0001942501942501,0.0,0.0,0.0003885003885003,0.0,0.0003885003885003,0.0009712509712509,0.0009712509712509,0.0001942501942501,0.0013597513597513,0.0011655011655011,0.0013597513597513,0.0011655011655011,0.0011655011655011,0.0011655011655011,0.0011655011655011,0.0023310023310023,0.0021367521367521,0.0029137529137529,0.0013597513597513,0.0029137529137529,0.006021756021756,0.0036907536907536,0.004079254079254,0.005050505050505,0.0067987567987567,0.0147630147630147,0.0,0.000173826130413,8.691306520652718e-05,0.0003259239945244,6.518479890489538e-05,0.0001520978641114,0.0002390109293179,8.691306520652718e-05,0.000173826130413,0.0001086413315081,0.0003259239945244,0.0002390109293179,0.0002607391956195,0.0004345653260326,0.000825674119462,0.0007170327879538,0.0009560437172717,0.0009777719835734,0.001412337309606,0.001412337309606,0.0018469026356387,0.000999500249875,0.0007387610542554,0.0009343154509701,0.0008908589183669,0.0015209786411142,0.0014775221085109,0.0014992503748125,0.0021945548964648,0.0023466527605762,0.0025639354235925,0.002477022358386,0.002650848488799,0.0033896095430545,0.0043456532603263,0.0078221758685874,54.155704498291016,219.66786193847656,48
0.0,0.0,0.0,0.0,0.0,0.0,0.0,0.0,0.0,0.0,0.0,0.0,0.0,0.0,0.0,0.0,0.0,0.0,0.0,0.0,0.0,0.0,0.0,0.0,0.0,0.0,0.0,0.0,0.0004957858205255,0.0,0.0004957858205255,0.0,0.0,0.0004957858205255,0.0,0.0,0.0,0.0,2.365967917475039e-05,0.0,2.365967917475039e-05,0.0,4.731935834950078e-05,0.0,0.0,4.731935834950078e-05,2.365967917475039e-05,0.0,9.463871669900156e-05,7.097903752425118e-05,2.365967917475039e-05,0.0001419580750485,7.097903752425118e-05,2.365967917475039e-05,9.463871669900156e-05,9.463871669900156e-05,9.463871669900156e-05,0.0001182983958737,9.463871669900156e-05,4.731935834950078e-05,0.0001182983958737,0.0001656177542232,0.0001656177542232,0.0002129371125727,0.0002129371125727,0.0002365967917475,0.0003312355084465,0.000283916150097,0.000567832300194,0.0008990678086405,0.0007097903752425,0.001419580750485,74.2719955444336,222.10122680664065,49
0.0,0.0,0.0,0.0,0.0,0.0,0.0,0.0,0.0,0.0,0.0,0.0,0.0,0.0,0.0,0.0,0.0,0.0,0.0,0.0,0.0,0.0,0.0,0.0,0.0,0.0,0.0,0.0,0.0004952947003467,0.0,0.0,0.0004952947003467,0.0,0.0,0.0,0.0009905894006934,0.0,0.0,2.4539275109813257e-05,0.0,2.4539275109813257e-05,0.0,4.9078550219626513e-05,0.0,0.0,2.4539275109813257e-05,4.9078550219626513e-05,2.4539275109813257e-05,4.9078550219626513e-05,7.361782532943977e-05,4.9078550219626513e-05,0.0001717749257686,9.815710043925304e-05,7.361782532943977e-05,0.0001472356506588,0.000122696375549,0.0001472356506588,0.0001472356506588,0.0001472356506588,9.815710043925304e-05,9.815710043925304e-05,0.0001717749257686,0.000122696375549,0.0002453927510981,0.0003435498515373,0.0002699320262079,0.0003435498515373,0.0002944713013177,0.0005644033275257,0.0008343353537336,0.0008097960786238,0.001570513607028,77.59468841552734,220.92257690429688,50
0.0,0.0,0.0,0.0,0.0,0.0,0.0,0.0,0.0,0.0,0.0,0.0,0.0,0.0,0.0,0.0,0.0,0.0,0.0,0.0,0.0,0.0,0.0,0.0,0.0,0.0,0.0,0.0,0.0,0.0,0.0,0.0,0.0,0.0002374732842555,0.0002374732842555,0.0002374732842555,0.0,0.0,2.231993393299556e-05,0.0,2.231993393299556e-05,0.0,6.695980179898667e-05,0.0,2.231993393299556e-05,4.463986786599112e-05,2.231993393299556e-05,0.0,4.463986786599112e-05,8.927973573198224e-05,2.231993393299556e-05,0.0001562395375309,4.463986786599112e-05,2.231993393299556e-05,8.927973573198224e-05,4.463986786599112e-05,6.695980179898667e-05,8.927973573198224e-05,8.927973573198224e-05,4.463986786599112e-05,0.0001115996696649,0.0001562395375309,8.927973573198224e-05,0.0001562395375309,0.0001785594714639,0.0002008794053969,0.0003347990089949,0.0002455192732629,0.0004687186125929,0.0009374372251858,0.0007142378858558,0.0011829564984487,73.46785736083984,229.8827362060547,51
0.0,0.0,0.0,0.0,0.0,0.0007757951900698,0.0,0.0,0.0007757951900698,0.0011636927851047,0.0003878975950349,0.0,0.0,0.0003878975950349,0.0,0.0007757951900698,0.0011636927851047,0.0,0.0,0.0,0.0,0.0,0.0,0.0,0.0,0.0003878975950349,0.0,0.0,0.0003878975950349,0.0003878975950349,0.0003878975950349,0.0003878975950349,0.0003878975950349,0.0003878975950349,0.0,0.0,0.0,5.359774889454643e-05,0.0,0.0,0.000107195497789,8.039662334181964e-05,5.359774889454643e-05,8.039662334181964e-05,0.0002143909955781,0.00029478761892,0.0016079324668363,0.0005091786144981,0.0002679887444727,0.0002143909955781,0.0003215864933672,0.0002679887444727,0.0003751842422618,0.0002143909955781,0.0007235696100763,0.0006967707356291,0.0008575639823127,0.0008307651078654,0.0005359774889454,0.00088436285676,0.00058957523784,0.0009111617312072,0.0004555808656036,0.0007771673589709,0.0006163741122872,0.0010987538523382,0.0016883290901782,0.0009647594801018,0.0015275358434945,0.0019831167090982,0.0016079324668363,0.0022779043280182,62.32948303222656,200.81105041503903,52
0.0,0.0,0.0,0.0,0.0,0.0,0.0,0.0,0.0,0.0,0.0,0.0,0.0,0.0,0.0,0.0,0.0,0.0,0.0,0.0,0.0,0.0,0.0,0.0,0.0,0.0,0.0,0.0,0.0,0.0,0.0,0.0,0.0,8.782715615668365e-05,0.00026348146847,0.0003513086246267,0.0,7.164350193437455e-05,1.7910875483593637e-05,5.373262645078091e-05,7.164350193437455e-05,1.7910875483593637e-05,3.5821750967187274e-05,1.7910875483593637e-05,8.955437741796819e-05,3.5821750967187274e-05,8.955437741796819e-05,0.0,7.164350193437455e-05,5.373262645078091e-05,3.5821750967187274e-05,8.955437741796819e-05,7.164350193437455e-05,7.164350193437455e-05,0.0001074652529015,8.955437741796819e-05,7.164350193437455e-05,7.164350193437455e-05,5.373262645078091e-05,5.373262645078091e-05,0.0,7.164350193437455e-05,8.955437741796819e-05,0.0001074652529015,0.0001791087548359,0.0002149305058031,0.0001432870038687,0.0002865740077374,0.0002149305058031,0.0005731480154749,0.0007522567703109,0.0017731766728757,79.7863540649414,259.1318664550781,53
0.0,0.0,0.0,0.0,0.0,0.0,0.0,0.0,0.0,0.0,0.0,0.0,0.0,0.0,0.0,0.0,0.0,0.0,0.0,0.0,0.0,0.0,0.0,0.0,0.0,0.0,0.0,0.0,0.0,0.0,0.0,0.0,0.0,0.0,0.0,0.0,0.0,6.393998167053859e-05,2.1313327223512864e-05,6.393998167053859e-05,8.525330889405146e-05,2.1313327223512864e-05,4.262665444702573e-05,2.1313327223512864e-05,0.0001065666361175,6.393998167053859e-05,0.0001065666361175,0.0,0.0001065666361175,6.393998167053859e-05,6.393998167053859e-05,0.0001065666361175,8.525330889405146e-05,6.393998167053859e-05,0.000127879963341,0.0001065666361175,8.525330889405146e-05,0.000127879963341,8.525330889405146e-05,4.262665444702573e-05,0.0,6.393998167053859e-05,6.393998167053859e-05,0.000127879963341,0.0001918199450116,0.0002557599266821,0.0001705066177881,0.0003196999083526,0.0002557599266821,0.0006180864894818,0.000831219761717,0.0020460794134572,72.25272369384766,249.6455535888672,54
0.0,0.0,0.0,0.0,0.0,0.0,0.0,0.0,0.0,0.0,0.0,0.0,0.0,0.0,0.0,0.0,0.0,0.0,0.0,0.0,0.0002246686137946,0.0,0.0,0.0,0.0,0.0,0.0004493372275893,0.0004493372275893,0.0002246686137946,0.0004493372275893,0.0002246686137946,0.0004493372275893,0.0004493372275893,0.0002246686137946,0.0008986744551786,0.0004493372275893,0.0,2.2808658166640057e-05,2.2808658166640057e-05,2.2808658166640057e-05,2.2808658166640057e-05,0.0,4.5617316333280114e-05,2.2808658166640057e-05,9.123463266656024e-05,4.5617316333280114e-05,9.123463266656024e-05,2.2808658166640057e-05,4.5617316333280114e-05,9.123463266656024e-05,0.0001140432908332,0.0002280865816664,0.000250895239833,0.0001824692653331,0.0004105558469995,0.0003421298724996,0.0003649385306662,0.000250895239833,0.0002737038979996,0.0003421298724996,0.000250895239833,0.0004105558469995,0.0004105558469995,0.0004789818214994,0.0005930251123326,0.000570216454166,0.0007298770613324,0.0008667290103323,0.0008895376684989,0.0014369454644983,0.001391328148165,0.0020299705768309,81.6888198852539,212.48046875,55
0.0,0.0002860411899313,0.0,0.0,0.0,0.0,0.0,0.0,0.0,0.0,0.0,0.0,0.0,0.0,0.0002860411899313,0.0,0.0,0.0,0.0002860411899313,0.0005720823798627,0.0,0.0,0.0,0.0002860411899313,0.0005720823798627,0.0,0.0002860411899313,0.0002860411899313,0.0005720823798627,0.0,0.0,0.0002860411899313,0.0,0.000858123569794,0.000858123569794,0.0045766590389016,0.0,0.0001778093883357,2.5401341190814875e-05,5.080268238162975e-05,2.5401341190814875e-05,2.5401341190814875e-05,0.0,2.5401341190814875e-05,2.5401341190814875e-05,2.5401341190814875e-05,0.0001016053647632,0.0003556187766714,0.000127006705954,7.620402357244462e-05,0.0002286120707173,0.0003556187766714,0.0003556187766714,0.0003810201178622,0.0002540134119081,0.0005334281650071,0.0005842308473887,0.0003556187766714,0.0003810201178622,0.0005588295061979,0.0004826254826254,0.0006096321885795,0.0005588295061979,0.0007112375533428,0.0006604348709611,0.0006096321885795,0.0006604348709611,0.0009652509652509,0.0007112375533428,0.0013208697419223,0.0019813046128835,0.003835602519813,93.6170883178711,266.9937744140625,56
0.0,0.000219731927049,0.0,0.0,0.0,0.0,0.0,0.0,0.0,0.0,0.0,0.000439463854098,0.0,0.0,0.0,0.0,0.0,0.0,0.0,0.0,0.0,0.0,0.0,0.000219731927049,0.000439463854098,0.000659195781147,0.000659195781147,0.000878927708196,0.0,0.000439463854098,0.0,0.000878927708196,0.000878927708196,0.000219731927049,0.000878927708196,0.001318391562294,0.0,6.974311286760433e-05,4.649540857840288e-05,6.974311286760433e-05,2.324770428920144e-05,2.324770428920144e-05,2.324770428920144e-05,6.974311286760433e-05,2.324770428920144e-05,6.974311286760433e-05,0.0001394862257352,0.0003022201557596,0.000232477042892,0.0004417063814948,0.0003022201557596,0.0004184586772056,0.0003952109729164,0.00058119260723,0.0004417063814948,0.0004184586772056,0.0005346971986516,0.0004184586772056,0.000348715564338,0.0004417063814948,0.000464954085784,0.0005579449029408,0.0007439265372544,0.0006741834243868,0.0006044403115192,0.0006741834243868,0.00116238521446,0.001046146693014,0.0006741834243868,0.0015343484830872,0.0020225502731605,0.0039056143205858,70.53661346435547,261.7760925292969,57
0.0,0.0,0.0,0.0,0.0,0.0,0.0,0.0,0.0,0.0,0.0,0.0,0.0009267840593141,0.0006950880444856,0.0002316960148285,0.000463392029657,0.0002316960148285,0.0020852641334569,0.0018535681186283,0.0013901760889712,0.000463392029657,0.0011584800741427,0.0,0.0013901760889712,0.000463392029657,0.0011584800741427,0.0023169601482854,0.0013901760889712,0.0013901760889712,0.0009267840593141,0.0025486561631139,0.0018535681186283,0.0020852641334569,0.0025486561631139,0.0039388322520852,0.005560704355885,0.0,0.0002628748954474,0.0001672840243756,0.0001194885888397,0.0001433863066077,0.0002389771776795,0.0001194885888397,0.0001194885888397,0.0001194885888397,0.0002150794599115,0.0002389771776795,0.0006930338152706,0.0003345680487513,0.0003584657665192,0.0003345680487513,0.0006213406619667,0.0005974429441988,0.0005735452264308,0.0005735452264308,0.0007647269685745,0.0007647269685745,0.0005257497908949,0.0006452383797347,0.0008603178396463,0.0005496475086629,0.0005974429441988,0.001003704146254,0.0011231927350937,0.0011709881706297,0.0012187836061656,0.0014577607838451,0.0012187836061656,0.0012665790417015,0.0023419763412594,0.0033217827697454,0.0053530887800215,81.81089782714844,247.519287109375,58
0.0,0.0,0.0,0.0,0.0,0.0,0.0,0.0001244864932154,0.0001244864932154,0.0002489729864309,0.0001244864932154,0.0004979459728619,0.0001244864932154,0.0004979459728619,0.0002489729864309,0.0001244864932154,0.0002489729864309,0.0006224324660774,0.0004979459728619,0.0003734594796464,0.0002489729864309,0.0001244864932154,0.0004979459728619,0.0,0.0,0.0002489729864309,0.0003734594796464,0.0006224324660774,0.0006224324660774,0.0011203784389393,0.0006224324660774,0.0012448649321548,0.0013693514253703,0.0013693514253703,0.0027387028507406,0.0065977841404207,0.0,0.0008549639205225,0.0007010704148284,0.0005984747443657,0.0003761841250299,0.000495879073903,0.0004616805170821,0.0009575595909852,0.0011969494887315,0.0011285523750897,0.0016586300058137,0.0014705379432987,0.001367942272836,0.0014876372217092,0.0013508429944256,0.0016928285626346,0.001556034335351,0.002086111966075,0.0022913033070004,0.0017954242330973,0.0016928285626346,0.0013166444376047,0.0008891624773434,0.0009404603125748,0.0006326733011866,0.0007352689716493,0.0014534386648883,0.0014363393864778,0.0015047365001196,0.0017612256762764,0.0017099278410451,0.0014705379432987,0.0024451968126945,0.0026332888752094,0.0042406210457918,0.0062241373414041,46.38394927978516,258.0788269042969,59
0.0,0.0002613695765812,0.0,0.0,0.0,0.0,0.0,0.0,0.0,0.0,0.0002613695765812,0.0002613695765812,0.0002613695765812,0.0002613695765812,0.0,0.0010454783063251,0.0007841087297438,0.0010454783063251,0.0,0.0002613695765812,0.0002613695765812,0.0002613695765812,0.0005227391531625,0.0005227391531625,0.0,0.0005227391531625,0.0010454783063251,0.0002613695765812,0.0005227391531625,0.0010454783063251,0.0010454783063251,0.0007841087297438,0.0020909566126502,0.0033978044955567,0.0026136957658128,0.0049660219550444,0.0,0.0002089281983425,0.0002089281983425,0.0001392854655616,9.285697704111242e-05,0.000255356686863,0.0001392854655616,0.0002321424426027,0.0001624997098219,0.000255356686863,0.0003249994196438,0.000673213083548,0.0004874991294658,0.000417856396685,0.000255356686863,0.000417856396685,0.0004410706409452,0.0005571418622466,0.0007428558163288,0.0009285697704111,0.0007660700605891,0.0006267845950275,0.000673213083548,0.0007196415720686,0.0004874991294658,0.0009285697704111,0.0014392831441372,0.0013232119228358,0.0014392831441372,0.0015321401211783,0.0018339252965619,0.0012767834343152,0.0019732107621236,0.0023678529145483,0.0043874921651925,0.0063374886830559,65.4687728881836,242.9403076171875,61
0.0,0.000174520069808,0.0,0.0,0.0,0.0,0.0,0.0,0.0,0.0,0.000174520069808,0.0,0.0,0.0,0.000174520069808,0.000174520069808,0.0,0.0,0.0,0.0,0.000174520069808,0.0,0.000174520069808,0.0,0.0,0.0,0.0,0.000523560209424,0.000174520069808,0.000174520069808,0.0,0.0,0.000174520069808,0.000174520069808,0.0010471204188481,0.0019197207678883,0.0,0.0025405428293178,0.0028792818732269,0.0033873904390904,0.0016936952195452,0.001884235931744,0.0017360376000338,0.0022018037854088,0.0024558580683406,0.003556759961045,0.0042554092391074,0.0036837871025109,0.0022653173561417,0.0037896430537324,0.0025193716390735,0.0028157683024939,0.0016090104585679,0.0022653173561417,0.0028157683024939,0.0023711733073633,0.0024982004488292,0.0016725240293009,0.0008045052292839,0.0008045052292839,0.000740991658551,0.0011644154634373,0.0006139645170851,0.0006986492780624,0.0010585595122157,0.0009738747512385,0.0012067578439259,0.0017572087902781,0.0016936952195452,0.0015666680780793,0.0034297328195791,0.0051234280391243,22.162498474121094,201.07598876953125,62
0.0,0.0,0.0,0.0,0.0,0.0,0.0,0.0,4.578964238289299e-05,0.0,9.157928476578598e-05,0.0,0.0,0.0,4.578964238289299e-05,4.578964238289299e-05,9.157928476578598e-05,0.0,0.0,0.0001831585695315,9.157928476578598e-05,0.0002289482119144,0.0003205274966802,9.157928476578598e-05,4.578964238289299e-05,0.0005036860662118,0.0002289482119144,0.0001831585695315,9.157928476578598e-05,9.157928476578598e-05,9.157928476578598e-05,0.0002289482119144,4.578964238289299e-05,0.0003205274966802,0.0007326342781262,0.0009157928476578,0.0,2.8435749424176075e-05,9.952512298461626e-05,4.265362413626411e-05,1.4217874712088038e-05,4.265362413626411e-05,2.8435749424176075e-05,1.4217874712088038e-05,8.530724827252822e-05,8.530724827252822e-05,7.108937356044019e-05,0.0001137429976967,7.108937356044019e-05,4.265362413626411e-05,5.687149884835215e-05,0.0001279608724087,0.0002274859953934,0.0001990502459692,0.0012938265988,0.0009525976057098,0.0004265362413626,0.0004265362413626,0.0007108937356044,0.0004265362413626,0.0007251116103164,0.0009241618562857,0.0003838826172263,0.0004123183666505,0.0005118434896351,0.0005260613643472,0.0004407541160747,0.0005402792390593,0.0007677652344527,0.0005829328631956,0.001137429976967,0.0014928768447692,40.004207611083984,218.53233337402344,63
0.0,0.0030750307503075,0.0202952029520295,0.003690036900369,0.0006150061500615,0.0006150061500615,0.0006150061500615,0.0,0.0,0.0006150061500615,0.001230012300123,0.0006150061500615,0.0,0.0,0.0,0.0,0.0006150061500615,0.0,0.0,0.0,0.0006150061500615,0.0006150061500615,0.0,0.0,0.0,0.0006150061500615,0.0006150061500615,0.001230012300123,0.0,0.001230012300123,0.0006150061500615,0.0018450184501845,0.0,0.0018450184501845,0.0055350553505535,0.013530135301353,0.0,0.0003581234332099,0.0001790617166049,0.0001790617166049,0.0001193744777366,0.0002089053360391,2.984361943416497e-05,0.0002387489554733,0.0001790617166049,8.953085830249493e-05,0.0001790617166049,0.0002387489554733,0.0003879670526441,0.0003879670526441,0.0005670287692491,0.0006864032469857,0.0006864032469857,0.0007759341052882,0.0007460904858541,0.0006864032469857,0.0005371851498149,0.0005670287692491,0.0005968723886832,0.0008356213441566,0.0007759341052882,0.0005968723886832,0.001462337352274,0.0011042139190641,0.0010146830607616,0.0015817118300107,0.0014324937328399,0.001283275635669,0.001999522502089,0.002536707651904,0.004536230153993,0.0065655962755162,4.473456382751465,214.13026428222656,64
0.0,0.0,0.0,0.0,0.0,0.0,0.0,0.0,0.0,0.0,0.0,0.0,0.0,0.0,0.0,0.0,0.0,0.0,0.0,0.0,0.0,0.0,0.0,0.0,0.0,0.0,0.0,0.0,0.0,0.0,0.0,0.0,0.0,0.0,0.0,0.0,0.0,0.0010011483760784,0.0003239009452018,0.0005005741880392,0.0001766732428373,0.0002355643237831,0.0002355643237831,0.000824475133241,0.0007361385118223,0.000824475133241,0.0010305939165513,0.0021789699949942,0.0022084155354671,0.0015900591855363,0.0026500986425605,0.0033273460734371,0.0031801183710727,0.0042990489090427,0.0048585141780277,0.00335679161391,0.0035040193162745,0.0026206531020876,0.0018256235093195,0.0017372868879008,0.0013544948617531,0.0012367126998616,0.0023556432378316,0.0023556432378316,0.0020022967521568,0.0021200789140484,0.0024734253997232,0.0024439798592503,0.0028562174258708,0.0037101380995848,0.0055063160684314,0.0084508701157209,12.584312438964844,257.2307434082031,65
0.0,8.224022369340844e-05,0.0001233603355401,8.224022369340844e-05,8.224022369340844e-05,4.112011184670422e-05,4.112011184670422e-05,4.112011184670422e-05,8.224022369340844e-05,0.0,0.0,0.0001233603355401,4.112011184670422e-05,0.0002056005592335,0.0001644804473868,0.0001644804473868,0.0002878407829269,0.0002878407829269,0.0002056005592335,0.0001233603355401,0.0002467206710802,0.000411201118467,0.0002878407829269,0.0004523212303137,0.000411201118467,0.000411201118467,0.0005345614540071,0.0007401620132406,0.0005756815658538,0.0009457625724741,0.0010280027961676,0.001110243019861,0.0014392039146346,0.0017681648094082,0.0035363296188165,0.0064147374480858,0.0,0.000456959367667,0.0005928121526491,0.0002964060763245,9.880202544152156e-05,0.0001852537977028,9.880202544152156e-05,0.0003087563295047,0.0002470050636038,0.0003211065826849,0.0004940101272076,0.0008398172162529,0.0010250710139557,0.0007657156971717,0.0010127207607755,0.0014079288625416,0.0013832283561813,0.001753735951587,0.0020624922810917,0.0015190811411633,0.0015561319007039,0.0010127207607755,0.0010003705075954,0.0008645177226133,0.0008398172162529,0.0006422131653698,0.0011979745584784,0.0010621217734963,0.0010497715203161,0.0010497715203161,0.0011485735457576,0.0012103248116586,0.0012967765839199,0.0016302334197851,0.002729405952822,0.003705075954057,17.057235717773438,240.57913208007807,66
0.0,0.0,0.0002355712603062,0.0,0.0,0.0,0.0002355712603062,0.0,0.0,0.0002355712603062,0.0004711425206124,0.0002355712603062,0.0004711425206124,0.0007067137809187,0.0004711425206124,0.0002355712603062,0.0002355712603062,0.0004711425206124,0.0004711425206124,0.0002355712603062,0.0002355712603062,0.0007067137809187,0.0002355712603062,0.0009422850412249,0.0004711425206124,0.0004711425206124,0.0004711425206124,0.0011778563015312,0.0007067137809187,0.0007067137809187,0.0009422850412249,0.0018845700824499,0.0002355712603062,0.0018845700824499,0.0028268551236749,0.0025912838633686,0.0,9.27213722763097e-05,4.636068613815485e-05,6.954102920723227e-05,0.0,4.636068613815485e-05,0.0,6.954102920723227e-05,2.3180343069077424e-05,9.27213722763097e-05,6.954102920723227e-05,0.0002549837737598,6.954102920723227e-05,0.0002086230876216,0.0001390820584144,0.0001622624014835,0.0002549837737598,0.0002549837737598,0.0001390820584144,0.0001622624014835,0.0001622624014835,0.0001622624014835,0.0002318034306907,0.0002318034306907,0.000301344459898,0.000324524802967,0.0002318034306907,0.000324524802967,0.0003708854891052,0.0003477051460361,0.0003477051460361,0.0005099675475197,0.0004867872044506,0.0005795085767269,0.0010199350950394,0.0016226240148354,56.581485748291016,250.46710205078125,67
